manufacturerID,manufacturer_name
1,Adbanonover
2,"Adcadackor Direct Company"
3,"Adcadimin International"
4,"Adjubilex Holdings Corp."
5,"Adkilicator WorldWide Company"
6,"Adkililar Holdings Company"
7,"Admunaquax Holdings"
8,"Admunin WorldWide Corp."
9,"Adniponan  Corp."
10,"Adnipover Holdings"
11,"Adpickar International"
12,"Adpickegentor Holdings"
13,"Adpickover International"
14,"Adquestin International"
15,"Adquestower Direct Company"
16,"Adsapantor Direct Corp."
17,"Adsapedex WorldWide Company"
18,"Adsipistor Direct"
19,"Adtanazz  Group"
20,"Adtanollor  Corp."
21,Adtumegax
22,"Adtumentor Direct"
23,"Adtumommin  Inc"
24,"Adtumower International"
25,"Advenex  Inc"
26,"Adveninentor  Inc"
27,"Advenupex Direct Company"
28,Adwerax
29,"Adwericower Direct Inc"
30,"Adwerower International Inc"
31,"Adwerpaquover Holdings"
32,"Adwerponantor  Inc"
33,"Adzapex Direct Group"
34,"Barbanedgex Direct"
35,"Barbanupantor WorldWide"
36,"Barcadantor Direct"
37,"Barcadicantor  Group"
38,"Bareredgantor Holdings Group"
39,"Barerepin  Company"
40,Barglibedgover
41,"Barjubentor  Corp."
42,"Barmunar WorldWide"
43,Barnipentor
44,"Barnipimax  Inc"
45,Barnipistor
46,"Barnipor Holdings Inc"
47,"Barpebefentor Holdings Group"
48,"Barpebistor WorldWide"
49,Barpickamentor
50,"Barpickepex International Inc"
51,Barpickinicator
52,"Barpickommantor Direct"
53,"Barpickonax  Inc"
54,"Barpickover International"
55,"Barquestan  Inc"
56,Barquestollicator
57,Barrobax
58,"Barsapover Direct"
59,"Barsipegistor  Company"
60,"Barsipicar Holdings Inc"
61,"Barsipicator WorldWide"
62,"Bartaneficator WorldWide"
63,"Bartanefin International"
64,"Bartanollover WorldWide"
65,Bartinanor
66,"Bartinex Direct"
67,"Bartinistor WorldWide"
68,"Bartumanar Direct"
69,"Bartumentor International"
70,"Bartumopover Direct Inc"
71,Bartumplentor
72,"Barvenackax Direct Company"
73,"Barvenadower Holdings"
74,Barvenantor
75,"Barvenar  Inc"
76,"Barwerackazz WorldWide Group"
77,"Cipbanover WorldWide"
78,"Cipbanower Direct Company"
79,"Cipcadollan International"
80,"Cipdudefower WorldWide"
81,"Ciperepazz Direct Inc"
82,Cipfropax
83,Cipfropefar
84,"Cipfropex International"
85,Cipjubaquistor
86,"Cipmunackex International"
87,Cipmunax
88,"Cipmunonover Holdings"
89,Cipnipax
90,"Cipnipefistor International"
91,Cipnipollistor
92,"Cippebentor WorldWide"
93,"Cippebimicator  Corp."
94,"Cippebistor International"
95,"Cippebollower WorldWide"
96,"Cippickower Holdings"
97,"Cipquestonax Holdings"
98,"Cipsapantor Direct"
99,"Cipsapentor International"
100,Cipsapex
101,"Cipsipentor WorldWide"
102,"Cipsipover Direct Inc"
103,Ciptanex
104,"Ciptinefar  Inc"
105,"Ciptinicator Holdings"
106,"Ciptumedgicator  Inc"
107,"Ciptumeficator  Corp."
108,"Ciptumicover Holdings"
109,"Cipvenar Holdings Group"
110,"Cipvenistor  Group"
111,"Cipvenupicator  Corp."
112,Cipweraquentor
113,Cipwerpeficator
114,"Cipwerponazz Holdings"
115,"Cipwerpower WorldWide Company"
116,"Dopbanollentor Holdings"
117,"Dopcadefentor WorldWide"
118,"Dopcadegax Holdings"
119,"Dopdimaquor Holdings Company"
120,Doperin
121,"Dopglibefazz  Company"
122,"Dophupan International Company"
123,"Dophupentor Direct Company"
124,"Dophupewex International"
125,"Dopjubimex International"
126,Dopjubupicator
127,"Dopkilamantor  Corp."
128,"Dopkilaquazz  Group"
129,Dopmunazz
130,"Dopnipan WorldWide Company"
131,Dopnipaquistor
132,"Dopnipedower International"
133,Dopnipicar
134,"Dopquestan WorldWide"
135,"Dopquestimentor Direct"
136,"Dopsipantor International"
137,Dopsipedgax
138,"Dopsipegentor Direct"
139,"Dopsipentor Direct Corp."
140,"Dopsipplentor  Corp."
141,"Doptanex International Company"
142,"Doptanin Direct Group"
143,"Doptaninin Holdings Inc"
144,"Doptanonantor WorldWide"
145,"Doptumistor WorldWide Company"
146,"Dopveninentor Holdings"
147,"Dopvenonazz WorldWide"
148,"Dopwerpentor Direct Corp."
149,Dopwerpin
150,"Dopzapentor  Company"
151,"Dopzapicex Holdings Group"
152,"Embanicower Holdings"
153,"Emcadentor International"
154,"Emdimar Direct"
155,"Emdimazz  Group"
156,Emdudistor
157,"Emfropicator International Corp."
158,"Emglibistor WorldWide Group"
159,"Emjubex International Corp."
160,Emmunantor
161,"Emmunex  Inc"
162,"Emmunupar  Inc"
163,"Emnipentor Holdings"
164,"Empebupazz Direct"
165,Empickadin
166,"Empickopentor Holdings"
167,"Emquestantor WorldWide"
168,Emrobackicator
169,"Emsapower  Corp."
170,"Emsapower WorldWide"
171,"Emsipimax Holdings"
172,"Emtanegar International"
173,"Emtanentor WorldWide"
174,Emtanollistor
175,"Emtanopex Holdings"
176,"Emtanor International Corp."
177,"Emtinicator WorldWide"
178,"Emtinistor WorldWide Inc"
179,"Emtumax Direct Inc"
180,"Emvenanor WorldWide"
181,"Emvenazz Holdings"
182,"Emwericator WorldWide Company"
183,"Emwerpentor Direct Corp."
184,"Emwerpicator  Inc"
185,"Emzapar Holdings Corp."
186,"Endbanar WorldWide"
187,Endbanepistor
188,"Endbanilentor Direct"
189,"Endbanimex International Corp."
190,Endcadan
191,"Endcadantor Direct"
192,"Enderor WorldWide"
193,Endgliban
194,"Endglibedin International"
195,"Endglibupentor Holdings Group"
196,"Endhupopor International"
197,"Endhupover Direct"
198,"Endjubor Holdings Corp."
199,"Endjubupover International Company"
200,"Endmunewicator  Group"
201,Endmunicator
202,"Endmunistor WorldWide"
203,"Endpebazz Direct Group"
204,"Endpebazz Holdings Group"
205,"Endpebedentor Holdings"
206,"Endpickaquower International"
207,Endpickimicator
208,"Endpickower  Group"
209,"Endquestistor Direct"
210,"Endrobover  Corp."
211,"Endsipazz  Corp."
212,"Endsipepazz Direct"
213,Endtinan
214,Endtumin
215,"Endwerpentor International"
216,Endzapimistor
217,"Endzapplin International Inc"
218,"Frobanan Holdings Group"
219,"Frodimamax WorldWide"
220,"Frodimex Holdings"
221,"Frodudollazz  Corp."
222,"Froerin Holdings"
223,"Frofropar WorldWide Inc"
224,"Frofropentor Holdings"
225,"Frofropopicator Direct"
226,"Frojubaman Holdings"
227,Frojubicator
228,"Frojubimicator WorldWide"
229,"Frojubupax  Corp."
230,"Fromunar WorldWide Group"
231,"Fromunommower Holdings Group"
232,"Fropebepantor  Inc"
233,"Fropebex WorldWide"
234,"Fropebollax WorldWide Group"
235,Froroban
236,"Frorobex Holdings Group"
237,"Frosipazz International Company"
238,"Frotinaquar Direct Group"
239,"Frotumar Direct"
240,"Frowerpexentor Direct"
241,Frowerupar
242,"Grocadan WorldWide Company"
243,"Grocadollan International"
244,Grodimefantor
245,"Groerexower WorldWide"
246,"Groericator WorldWide Inc"
247,"Grofropedgax WorldWide"
248,"Grofropistor Direct Company"
249,"Groglibexan International"
250,"Grohupefantor International Company"
251,"Grohupicator Direct"
252,"Grojubax  Inc"
253,"Grojubinentor Direct Group"
254,"Grokilower Direct Group"
255,"Gromunazz International"
256,"Gromunommentor Holdings Company"
257,"Groquestackax Holdings Group"
258,"Grorobewistor Holdings"
259,Grorobiman
260,"Grosapantor Direct"
261,"Grosapax  Company"
262,"Grosapinower Direct Group"
263,"Grosapover Holdings"
264,Grosipamor
265,"Grosipover Direct"
266,"Grotanex International Inc"
267,"Grotinackover WorldWide"
268,"Grotumentor International"
269,"Grovenexar Holdings Corp."
270,Grovenicator
271,"Grovenimax Direct"
272,Grovenover
273,Growerex
274,"Growerex Holdings"
275,"Growerpicator Holdings"
276,"Hapcadax Holdings Inc"
277,"Hapcadinazz Holdings Inc"
278,"Hapdimamex WorldWide"
279,"Hapdudower Holdings Company"
280,"Haperax Direct"
281,"Hapfropentor International Group"
282,Hapglibadantor
283,"Haphupazz Direct"
284,"Haphupentor  Company"
285,"Haphupin Holdings Corp."
286,"Haphupistor Holdings"
287,"Hapjubex  Inc"
288,Hapkilantor
289,"Hapmunentor Holdings"
290,Happebantor
291,Happebegower
292,"Happickicator Direct"
293,"Hapquestover Direct"
294,Haprobedgazz
295,"Haprobex  Group"
296,Haprobicator
297,"Hapsipaquentor Direct"
298,"Haptanackower International"
299,"Haptanazz International"
300,"Haptanegax Holdings"
301,"Haptanepicator  Group"
302,Haptanepin
303,"Haptumor Holdings Corp."
304,"Hapvenantor International Company"
305,"Hapvenicator Direct"
306,"Hapweran International"
307,"Hapweristor Holdings"
308,"Hapweristor Holdings Corp."
309,"Hapwerommin  Group"
310,Hapzapantor
311,"Hapzapedan Holdings Corp."
312,"Inbanewor International Corp."
313,"Inbanower Holdings"
314,"Incadan International"
315,Incadex
316,"Indimplover  Inc"
317,"Indudan International"
318,"Indudedgan Holdings"
319,"Inglibentor WorldWide"
320,"Inglibor International"
321,Injuban
322,"Inkilazz  Corp."
323,Inkilex
324,"Inmunopax Holdings Inc"
325,Inmunplantor
326,"Inpebax Direct"
327,"Inpebepantor Direct Company"
328,Inpickefax
329,Inquestan
330,"Inquestaquover WorldWide"
331,Inquestedgentor
332,"Inrobadan Direct"
333,"Inrobentor WorldWide"
334,"Inrobicator Holdings Group"
335,"Inrobin International"
336,"Insipador Direct"
337,"Insipexicator WorldWide Corp."
338,"Insipollover Holdings"
339,"Intanaquistor Direct Inc"
340,"Intanazz Direct Company"
341,"Intanepin International"
342,"Intanimax International Company"
343,"Intinicistor WorldWide"
344,Intinicower
345,"Inweradazz International Company"
346,"Inwerepor  Company"
347,"Inweristor WorldWide"
348,"Inwerpanistor Holdings"
349,Inwerpover
350,"Klibanedgor Holdings"
351,Klibanicator
352,"Klibanicex International Inc"
353,"Klidudackazz  Group"
354,"Klidudazz International"
355,"Klidudentor Direct"
356,"Klieregower WorldWide"
357,"Kliericator International"
358,"Klifropedin International"
359,"Klifropegex  Company"
360,"Klifropover International"
361,"Klijubar Holdings"
362,Klijubower
363,"Klikilar Holdings"
364,"Klikilollex Holdings"
365,"Klimunegex Holdings Inc"
366,"Klinipar International Company"
367,"Klipickan WorldWide Company"
368,Klirobentor
369,Klisapackistor
370,"Klisapeficator International Company"
371,"Klisapefower International"
372,"Klisapor International"
373,"Klisipadower  Corp."
374,Klisipor
375,"Klitanplex Direct Company"
376,"Klitinilantor WorldWide Inc"
377,"Klitumaman  Group"
378,Klitumopicator
379,"Klitumplor Direct Inc"
380,Klivenin
381,"Kliwerimazz Holdings Group"
382,"Kliwerpedax Holdings Group"
383,"Kliwerpor International Company"
384,Klizapin
385,"Klizapupover WorldWide Company"
386,Lombanazz
387,"Lombanazz International"
388,Lombanedgan
389,"Lombanex WorldWide"
390,"Lomcadar  Corp."
391,"Lomdiman WorldWide Corp."
392,"Lomdimefentor Direct"
393,"Lomdimewax Direct"
394,"Lomdimin International Company"
395,"Lomdudex WorldWide"
396,"Lomdudicator International"
397,Lomfropor
398,"Lomglibower Holdings"
399,"Lomhupax Direct"
400,"Lomjubedgistor  Inc"
401,Lomjubplower
402,"Lomkilex Holdings Inc"
403,"Lommuniman  Inc"
404,Lomnipover
405,"Lomquestadan International"
406,"Lomrobopower WorldWide"
407,"Lomsapan  Group"
408,"Lomsapimor WorldWide"
409,"Lomtanar International"
410,"Lomtanover Holdings"
411,"Lomtumador WorldWide Inc"
412,"Lomtumower Holdings Corp."
413,"Lomwerpan Holdings"
414,"Lomwerpar WorldWide Inc"
415,Lomwerpower
416,"Monbanegor  Group"
417,"Monbanentor International Corp."
418,"Mondimaquan Direct"
419,"Mondudower WorldWide"
420,Monfropor
421,"Monglibantor WorldWide Group"
422,"Monhupamar  Inc"
423,"Monhupefantor WorldWide"
424,"Monhupepower Direct Company"
425,"Monhupinor Direct Inc"
426,Monjubin
427,"Monjubistor International Company"
428,"Monkilower Direct"
429,Monnipar
430,Monnipistor
431,"Monpebefazz WorldWide"
432,"Monpebinin WorldWide"
433,"Monpebistor International"
434,"Monpebover WorldWide"
435,"Monpickar International Corp."
436,"Monpickedgazz International"
437,"Monpickex  Group"
438,Monquestazz
439,Monquestewazz
440,Monrobinistor
441,"Monrobor Direct"
442,"Monsapan International Corp."
443,"Monsipan Holdings Inc"
444,"Montanaman Holdings"
445,"Montanar Holdings Company"
446,"Montanewor  Inc"
447,"Montanex International"
448,"Montanilax International Corp."
449,"Montanonor Direct Corp."
450,"Montinor International Group"
451,"Monwerexan International Corp."
452,"Monwerpistor Direct Company"
453,"Monzapupin Direct Company"
454,"Parbanewicator Holdings"
455,"Parcadimower  Group"
456,"Pardudaquower  Group"
457,"Pardudewistor International"
458,"Parfropazz Direct"
459,"Parfropicator International"
460,"Parfropplower WorldWide Group"
461,Parhupar
462,"Parjuban Holdings"
463,"Parjuban WorldWide Corp."
464,"Parjubax Holdings"
465,"Parkilicentor International"
466,Parmunexower
467,"Parnipan Holdings"
468,"Parnipaquistor WorldWide"
469,"Parnipimax WorldWide"
470,"Parpebantor Holdings"
471,Parpebefex
472,"Parpebewax International"
473,"Parpebican Direct"
474,"Parpickicentor  Inc"
475,"Parpickin International"
476,"Parpickommax  Group"
477,Parpickor
478,"Parquestan WorldWide"
479,"Parquestantor Holdings Group"
480,"Parquestilicator WorldWide Corp."
481,"Parquestin International"
482,"Parquestor  Corp."
483,Parquestower
484,Parrobollazz
485,"Parsapax WorldWide"
486,Parsapomman
487,"Parsipentor Holdings"
488,"Parsipicator  Company"
489,Partanommentor
490,Partanommower
491,"Partinax Direct Company"
492,Partinazz
493,Partinedin
494,"Partumax Direct Group"
495,"Parveninor Direct Corp."
496,"Parvenistor Direct Inc"
497,"Parvenollazz WorldWide Group"
498,"Parwerentor International"
499,"Parwerupor  Corp."
500,"Qwibanonin Direct"
501,"Qwicadedistor Direct Group"
502,"Qwicadegazz Holdings Group"
503,"Qwicadistor Direct"
504,"Qwicadplentor Holdings"
505,Qwidimilicator
506,"Qwidimommazz Holdings Corp."
507,"Qwidimower International"
508,"Qwidudax  Company"
509,"Qwidudentor International"
510,"Qwierentor Direct"
511,"Qwieristor  Company"
512,Qwierover
513,"Qwigliban Direct"
514,"Qwiglibin Holdings"
515,"Qwiglibover International"
516,"Qwiglibplicator WorldWide Corp."
517,"Qwihupor Direct Group"
518,"Qwijubackicator WorldWide Company"
519,Qwikilentor
520,"Qwikilexin WorldWide"
521,"Qwipickan International Corp."
522,"Qwiquestentor  Company"
523,"Qwirobicator Holdings"
524,"Qwitanex WorldWide"
525,"Qwitumegentor Direct Inc"
526,"Qwivenepax Holdings"
527,"Qwivenover Holdings Corp."
528,Qwiweran
529,"Qwiweror Holdings"
530,"Qwiwerover WorldWide Company"
531,"Qwiwerpantor Holdings Company"
532,"Qwiwerpistor WorldWide"
533,"Qwizapaquan  Inc"
534,"Qwizapepan WorldWide Corp."
535,Qwizaponover
536,"Rapbanollax Holdings Corp."
537,"Rapdimonazz Direct Inc"
538,Rapdimplower
539,"Rapdudackower Holdings Group"
540,"Raperewex Holdings"
541,"Raperin Holdings Company"
542,"Rapfropistor Direct"
543,Rapglibonazz
544,"Raphupan  Corp."
545,"Raphupentor Direct"
546,Raphupinower
547,"Rapjubepower WorldWide"
548,"Rapjubover Holdings"
549,"Rapkilantor International Group"
550,"Rapnipegex International"
551,"Rappebedgower WorldWide"
552,"Rappebor International Group"
553,"Rappickover WorldWide Company"
554,"Raprobaquicator  Company"
555,"Raprobower International"
556,"Rapsipefar Direct Company"
557,"Rapsipin Direct Inc"
558,"Rapsipupor International Company"
559,Raptanonan
560,Raptinefazz
561,"Raptumedower  Inc"
562,"Rapvenamower International"
563,"Rapvenefentor  Corp."
564,"Rapvenegover International Group"
565,"Rapvenex Direct Corp."
566,"Rapvenor WorldWide Group"
567,"Rapweregicator International"
568,Rapweror
569,"Rapzapadistor Direct Group"
570,"Rebanackower Direct"
571,"Rebanupex Holdings Group"
572,"Recadamentor WorldWide"
573,"Recadedin Direct"
574,"Recadin  Group"
575,"Redudefazz International Corp."
576,"Reerommin Holdings"
577,Reeror
578,"Refropackentor Direct Company"
579,"Refropefex WorldWide Group"
580,Reglibedgower
581,"Rehupadar Direct"
582,"Rehupamantor  Inc"
583,"Rehupan Holdings Company"
584,Rehupegazz
585,Rehupex
586,"Rehupommantor Holdings Corp."
587,"Rehupower WorldWide Inc"
588,"Rejubover Holdings"
589,"Rekilantor  Group"
590,"Remunar International"
591,Remunedicator
592,"Remunegan Holdings"
593,Remunopin
594,"Renipicator WorldWide"
595,Renipin
596,Repebilover
597,"Requestonan Direct Corp."
598,"Requestor Holdings"
599,Rerobazz
600,Rerobex
601,"Rerobower WorldWide Inc"
602,"Rerobupex  Corp."
603,"Resapan  Company"
604,"Resapollower Holdings"
605,Retanar
606,"Retanower International Inc"
607,"Retinomman International Corp."
608,"Retumanentor  Inc"
609,Retumicower
610,"Retumopicator International"
611,"Reweror Holdings Company"
612,"Rewerpackin Holdings Corp."
613,"Rewerpan WorldWide Company"
614,"Rewerpedan WorldWide Group"
615,"Rezapupar Direct Company"
616,"Supbanefower Holdings Corp."
617,"Supbanegor Holdings"
618,Supbanor
619,"Supcadantor  Group"
620,"Supdimommor Direct Corp."
621,"Supdudex International Inc"
622,"Supericator WorldWide Company"
623,"Superinentor International"
624,"Superistor  Corp."
625,"Supfropan Direct"
626,"Supfropan Holdings"
627,"Supfropefex Holdings Company"
628,"Supfropicicator Direct Corp."
629,"Suphupegover WorldWide"
630,"Supjubopistor Holdings Group"
631,"Supkilistor Direct Company"
632,Supkilonex
633,"Supmunor  Group"
634,"Supnipegistor Direct"
635,Suppebazz
636,"Suppickantor Holdings"
637,Suppickor
638,"Supquestar Holdings Corp."
639,"Supquestollazz Holdings Corp."
640,"Suprobefax WorldWide Company"
641,"Suprobepan  Inc"
642,"Suprobower Direct Group"
643,"Supsapedicator Holdings"
644,Supsapentor
645,"Supsapommantor WorldWide Inc"
646,Supsipplower
647,"Suptanan  Corp."
648,"Suptanantor  Group"
649,"Suptumax Holdings"
650,"Suptumepor Holdings"
651,"Supwerpommover International Corp."
652,Supzapollex
653,"Surcadinin International"
654,"Surdimazz Holdings"
655,Surdimicator
656,Surdudimor
657,"Surerepin Direct Corp."
658,"Surericator Holdings"
659,"Surerommazz International Company"
660,Surfropover
661,"Surjubackar International"
662,"Surjubar  Company"
663,"Surkilimentor  Company"
664,"Surmunamex WorldWide"
665,"Surpickazz Holdings Corp."
666,Surquestackex
667,"Surquestamor  Corp."
668,"Surquestilistor  Corp."
669,"Surrobin  Inc"
670,"Sursapplex WorldWide"
671,"Sursipackar WorldWide Company"
672,"Sursipackistor WorldWide"
673,"Sursipedower  Inc"
674,Sursipewentor
675,"Sursipicator  Group"
676,Surtanegower
677,"Surtanover Direct Group"
678,"Surtinazz  Inc"
679,"Survenilex WorldWide"
680,"Surwerantor International Company"
681,"Surwerazz International"
682,Surwerpicator
683,"Surwerpower WorldWide Group"
684,"Surzapar WorldWide"
685,Surzapax
686,"Surzapefax WorldWide"
687,"Surzapommor Direct"
688,"Thrucadantor WorldWide"
689,"Thrucadedor Direct"
690,"Thrududover Direct Company"
691,"Thrufropover  Group"
692,"Thruglibonazz International Group"
693,"Thrujubepazz International Company"
694,Thrujubewex
695,Thrukilicex
696,"Thrukilopor International"
697,"Thrumunollover WorldWide"
698,Thrunipexentor
699,"Thrupebinan Holdings"
700,Thrupebonor
701,"Thrupickadicator WorldWide"
702,"Thruquestegazz  Company"
703,"Thruquestistor Holdings Inc"
704,"Thrurobicar WorldWide"
705,"Thrusapentor WorldWide"
706,"Thrusipupistor Direct"
707,Thrutanax
708,"Thrutanazz  Company"
709,Thrutanower
710,"Thrutinamicator  Group"
711,"Thrutinanicator Holdings"
712,"Thrutinegin Direct"
713,"Thrutinepin Holdings Company"
714,"Thruvenan International"
715,"Thruvenimentor WorldWide"
716,"Thruvenommazz  Group"
717,Thruvenor
718,"Thruweraquicator Holdings"
719,"Thruwerpicax International Group"
720,"Tipbanan International"
721,"Tipbanin International"
722,"Tipdimex  Inc"
723,"Tipdudonan WorldWide"
724,Tiperefex
725,"Tiperex  Group"
726,"Tiperimor International"
727,"Tipfropaquin Holdings Company"
728,Tipfropefax
729,"Tipfropilentor Direct Corp."
730,"Tiphupantor WorldWide Inc"
731,"Tiphupar WorldWide Group"
732,"Tiphupex Direct"
733,Tipjubepover
734,"Tipnipover Direct"
735,"Tippebantor Direct Company"
736,"Tippebantor WorldWide"
737,"Tippebex International"
738,"Tippickopin Direct"
739,Tiprobex
740,Tipsapazz
741,"Tipsapentor Holdings Corp."
742,"Tipsapopex WorldWide"
743,"Tipsapower Direct Inc"
744,"Tiptananover Holdings Company"
745,"Tiptinar  Inc"
746,"Tiptumin  Company"
747,Tipvenefar
748,"Tipweran Holdings"
749,Tipweranor
750,"Tipwerimentor Holdings"
751,"Tipzapover International"
752,"Trubanantor WorldWide"
753,Trubanilex
754,"Trucadollan  Inc"
755,Trudiminower
756,"Truerefar International"
757,"Trueregentor Holdings Group"
758,"Truglibazz Direct"
759,"Truhupar Direct"
760,"Truhupor Direct"
761,"Trujubax  Corp."
762,"Trujubicator  Company"
763,"Trujubupantor Holdings"
764,"Trupebeficator Direct Company"
765,"Trupebin Holdings Group"
766,"Trupebistor  Inc"
767,"Trurobax Direct Company"
768,Trusapicator
769,"Trusipplex International"
770,"Trutumefentor International"
771,"Trutumegantor WorldWide"
772,Truvenopantor
773,"Truwerentor WorldWide Corp."
774,"Truwerupex International Corp."
775,"Truzapar Holdings Corp."
776,"Truzapazz Direct"
777,"Truzapentor Holdings"
778,"Truzapicar Direct Corp."
779,"Tupcadover WorldWide Corp."
780,"Tupdimazz Direct"
781,Tupdimonentor
782,"Tupdudar Direct"
783,Tupdudower
784,"Tuperar Direct"
785,"Tuperepan WorldWide"
786,"Tupericator International"
787,"Tupericover Holdings"
788,Tupfropantor
789,"Tupfropazz Holdings Corp."
790,"Tupfropilower WorldWide"
791,"Tupkilexower Direct"
792,"Tupkilor International Inc"
793,"Tupkilplower Direct"
794,"Tupmunanover Holdings Group"
795,"Tupmunedgantor  Inc"
796,Tupnipopar
797,"Tupnipower WorldWide"
798,"Tuppebax International"
799,"Tuppebinistor WorldWide"
800,Tuppickin
801,"Tuppickin  Corp."
802,Tuppickor
803,"Tuppickor  Group"
804,"Tuppickplax Holdings"
805,Tupquestentor
806,"Tuprobollicator WorldWide"
807,"Tupsipimower International Inc"
808,"Tuptumar International"
809,Tuptumex
810,"Tupvenan International"
811,"Tupvenax Direct"
812,"Tupvenin Direct Inc"
813,Tupvenonax
814,"Tupwerower  Company"
815,"Tupwerpin WorldWide"
816,"Unbanollentor WorldWide Group"
817,"Uncadollicator Direct"
818,"Undudower WorldWide"
819,"Undudupar  Inc"
820,"Uneran International"
821,Unglibamex
822,"Unglibicator  Corp."
823,"Unhupicazz International Inc"
824,"Unjubar International Group"
825,"Unmunador  Corp."
826,"Unmunexover Holdings"
827,"Unmunilar Holdings"
828,"Unmunimax  Group"
829,"Unnipicator  Corp."
830,"Unnipplentor International"
831,"Unpebaquover Holdings"
832,"Unpebewin Direct Corp."
833,Unpebexower
834,"Unpickazz WorldWide"
835,Unpickewex
836,"Unpickex Direct"
837,"Unquestewan Direct"
838,"Unquestistor WorldWide"
839,"Unquestor Direct Inc"
840,Unquestower
841,"Unroban Holdings Company"
842,"Unrobexower  Corp."
843,"Unrobomman WorldWide"
844,"Unsipedgex WorldWide Corp."
845,"Unsipedover WorldWide"
846,"Unsipexar WorldWide"
847,Untumepantor
848,"Untumicator WorldWide Corp."
849,"Unvenefor  Group"
850,"Unvenistor WorldWide"
851,"Unwerinan Direct"
852,"Unweropax Direct"
853,"Unwerpedgower  Inc"
854,"Unwerpegicator WorldWide"
855,"Unwerpilax Holdings Group"
856,"Unwerpimazz Direct"
857,"Unzapicicator Holdings"
858,"Unzapistor International Company"
859,Upbanollar
860,"Upcadupower Direct"
861,Updudentor
862,"Upfropadar WorldWide Company"
863,"Upglibistor WorldWide Company"
864,"Uphupentor Direct"
865,"Uphupentor Holdings"
866,"Upjubazz Direct Company"
867,"Upjubistor  Group"
868,"Upkilex Holdings"
869,"Upkilex WorldWide Group"
870,"Upkilicex Holdings Inc"
871,"Upkilin  Corp."
872,"Upmunicin WorldWide"
873,"Upnipexax International"
874,"Upnipommower International"
875,"Uppebor  Company"
876,"Uppickax Holdings Inc"
877,Uppickentor
878,Uppickin
879,"Upquestanan  Company"
880,"Upquestin Holdings Inc"
881,"Upquestistor Holdings"
882,Uprobantor
883,Uprobar
884,"Uprobax International Group"
885,"Upsapedgantor Direct"
886,"Upsapexan  Group"
887,"Upsipazz Holdings Inc"
888,"Uptanistor WorldWide Company"
889,"Uptanover Holdings Company"
890,Uptinover
891,"Uptumex International"
892,"Uptumicator WorldWide"
893,"Uptumin International Inc"
894,"Uptumistor WorldWide"
895,"Upwerefower International"
896,"Upweror WorldWide Corp."
897,"Upwerpanex Direct Inc"
898,"Upwerpentor WorldWide"
899,"Varbanaquower Direct Corp."
900,Varbanonicator
901,"Varbanower International"
902,Varcadewicator
903,"Varcadilax Direct"
904,"Varerantor Direct"
905,"Varerax Holdings Corp."
906,"Varerefin WorldWide"
907,"Varfropan Holdings"
908,"Varfropanax Holdings Corp."
909,"Varfropazz Direct Group"
910,"Varhupilor Holdings"
911,"Varjubommistor Direct Group"
912,"Varjubower  Corp."
913,"Varkilamover WorldWide"
914,"Varkilantor International"
915,"Varkilepover Direct"
916,"Varnipantor Holdings"
917,"Varpebentor WorldWide"
918,"Varpebewicator Direct"
919,"Varpickefentor WorldWide"
920,Varpickex
921,"Varquestan International"
922,"Varquestentor Direct"
923,"Varrobegower  Company"
924,"Varsapower WorldWide"
925,"Varsipazz Direct"
926,"Vartanazz International"
927,"Vartanicator  Group"
928,"Vartaninazz Direct Corp."
929,Vartanover
930,"Vartinax International Corp."
931,"Vartumackicator  Company"
932,"Vartumadax Direct Group"
933,"Varvenower Direct"
934,Varwerilicator
935,"Varwerin International Corp."
936,Varwerinazz
937,Varwerpanover
938,"Varwerpazz Direct"
939,"Varwerpewax Holdings"
940,"Varzapicator Direct Corp."
941,"Winbanin Holdings Inc"
942,"Winbanower WorldWide Corp."
943,"Windimax WorldWide Corp."
944,"Windudantor International Inc"
945,"Winfropanover International"
946,"Winglibower  Company"
947,"Winglibplazz International Corp."
948,"Winhupex Holdings Company"
949,"Winjubentor Direct Group"
950,"Winkilinan International"
951,Winmunepar
952,Winmunilan
953,"Winnipazz International Group"
954,"Winpebewan WorldWide Group"
955,"Winpickentor WorldWide Group"
956,"Winpickopantor WorldWide"
957,Winpickower
958,"Winquestedgazz  Inc"
959,"Winquestonin Direct Group"
960,"Winrobonover International"
961,"Winrobupex WorldWide"
962,"Winsapicator International"
963,Winsapplover
964,"Winsipexar WorldWide"
965,"Winsipicator  Inc"
966,Wintumower
967,"Winvenonar International"
968,"Winwerpadower International Company"
969,"Winwerpazz Direct"
